{
  "accuracy": 0.7613941018766756,
  "precision_macro": 0.704506305545258,
  "recall_macro": 0.7445021886561342,
  "f1_score_macro": 0.7193533737247337
}