{
    "accuracy": 0.782171581769437,
    "precision_macro": 0.7251614874331785,
    "recall_macro": 0.7205876506730807,
    "f1_score_macro": 0.7228365766672407
}